WE-Nr;Eingangsdatum;Bestellnummer;Position;Artikelnummer;Bezeichnung;Lieferant;Menge;Lieferschein
WE-26001;01.06.2026;4500103;10;40-3300;Spannhebel geschmiedet;Huber Schmiedetechnik;50;LS-80000
WE-26002;12.06.2026;4500106;10;40-3300;Spannhebel geschmiedet;Huber Schmiedetechnik;100;LS-80007
WE-26003;20.06.2026;4500109;10;20-1180;Gehäusedeckel Alu;Brunner CNC AG;150;LS-80014
WE-26004;23.06.2026;4500112;10;40-3300;Spannhebel geschmiedet;Huber Schmiedetechnik;200;LS-80021
WE-26005;24.06.2026;4500115;10;10-4711;Flansch DN50 gefräst;Meier Präzision AG;50;LS-80028
WE-26006;01.07.2026;4500118;10;20-1180;Gehäusedeckel Alu;Brunner CNC AG;100;LS-80035
WE-26007;04.07.2026;4500121;10;40-3300;Spannhebel geschmiedet;Huber Schmiedetechnik;150;LS-80042
WE-26008;05.07.2026;4500124;10;10-4711;Flansch DN50 gefräst;Meier Präzision AG;200;LS-80049
WE-26009;12.07.2026;4500127;10;20-1180;Gehäusedeckel Alu;Brunner CNC AG;50;LS-80056
WE-26010;15.07.2026;4500130;10;40-3300;Spannhebel geschmiedet;Huber Schmiedetechnik;100;LS-80063
WE-26011;16.07.2026;4500133;10;10-4711;Flansch DN50 gefräst;Meier Präzision AG;150;LS-80070
WE-26012;19.07.2026;4500136;10;30-0815;Welle Ø20 h6 L=240;Meier Präzision AG;200;LS-80077
WE-26013;23.07.2026;4500139;10;20-1180;Gehäusedeckel Alu;Brunner CNC AG;50;LS-80084
WE-26014;26.07.2026;4500142;10;40-3300;Spannhebel geschmiedet;Huber Schmiedetechnik;100;LS-80091
WE-26015;27.07.2026;4500145;10;10-4711;Flansch DN50 gefräst;Meier Präzision AG;150;LS-80098
WE-26016;28.07.2026;4500148;10;30-0990;Distanzring 12x3;Kunz Drehteile GmbH;200;LS-80105
WE-26017;30.07.2026;4500151;10;30-0815;Welle Ø20 h6 L=240;Meier Präzision AG;50;LS-80112
WE-26018;03.08.2026;4500154;10;20-1180;Gehäusedeckel Alu;Brunner CNC AG;100;LS-80119
WE-26019;06.08.2026;4500157;10;40-3300;Spannhebel geschmiedet;Huber Schmiedetechnik;150;LS-80126
WE-26020;07.08.2026;4500160;10;10-4711;Flansch DN50 gefräst;Meier Präzision AG;200;LS-80133
WE-26021;08.08.2026;4500163;10;30-0990;Distanzring 12x3;Kunz Drehteile GmbH;50;LS-80140
WE-26022;10.08.2026;4500166;10;30-0815;Welle Ø20 h6 L=240;Meier Präzision AG;100;LS-80147
WE-26023;14.08.2026;4500169;10;20-1180;Gehäusedeckel Alu;Brunner CNC AG;150;LS-80154
WE-26024;16.08.2026;4500172;10;10-5520;Lagerbuchse Ø32 H7;Kunz Drehteile GmbH;200;LS-80161
WE-26025;17.08.2026;4500175;10;40-3300;Spannhebel geschmiedet;Huber Schmiedetechnik;50;LS-80168
WE-26026;18.08.2026;4500178;10;10-4711;Flansch DN50 gefräst;Meier Präzision AG;100;LS-80175
WE-26027;19.08.2026;4500181;10;30-0990;Distanzring 12x3;Kunz Drehteile GmbH;150;LS-80182
WE-26028;21.08.2026;4500184;10;30-0815;Welle Ø20 h6 L=240;Meier Präzision AG;200;LS-80189
WE-26029;25.08.2026;4500187;10;20-1180;Gehäusedeckel Alu;Brunner CNC AG;50;LS-80196
WE-26030;27.08.2026;4500190;10;10-5520;Lagerbuchse Ø32 H7;Kunz Drehteile GmbH;100;LS-80203
WE-26031;28.08.2026;4500193;10;40-3300;Spannhebel geschmiedet;Huber Schmiedetechnik;150;LS-80210
WE-26032;29.08.2026;4500196;10;10-4711;Flansch DN50 gefräst;Meier Präzision AG;200;LS-80217
WE-26033;30.08.2026;4500199;10;30-0990;Distanzring 12x3;Kunz Drehteile GmbH;50;LS-80224
WE-26034;01.09.2026;4500202;10;30-0815;Welle Ø20 h6 L=240;Meier Präzision AG;100;LS-80231
WE-26035;05.09.2026;4500205;10;20-1180;Gehäusedeckel Alu;Brunner CNC AG;150;LS-80238
WE-26036;06.09.2026;4500208;10;40-3410;Gewindebolzen M12;Brunner CNC AG;200;LS-80245
WE-26037;07.09.2026;4500211;10;10-5520;Lagerbuchse Ø32 H7;Kunz Drehteile GmbH;50;LS-80252
WE-26038;08.09.2026;4500214;10;40-3300;Spannhebel geschmiedet;Huber Schmiedetechnik;100;LS-80259
WE-26039;09.09.2026;4500217;10;10-4711;Flansch DN50 gefräst;Meier Präzision AG;150;LS-80266
WE-26040;10.09.2026;4500220;10;30-0990;Distanzring 12x3;Kunz Drehteile GmbH;200;LS-80273
WE-26041;12.09.2026;4500223;10;30-0815;Welle Ø20 h6 L=240;Meier Präzision AG;50;LS-80280
WE-26042;16.09.2026;4500226;10;20-1180;Gehäusedeckel Alu;Brunner CNC AG;100;LS-80287
WE-26043;17.09.2026;4500229;10;40-3410;Gewindebolzen M12;Brunner CNC AG;150;LS-80294
WE-26044;18.09.2026;4500232;10;10-5520;Lagerbuchse Ø32 H7;Kunz Drehteile GmbH;200;LS-80301
WE-26045;19.09.2026;4500235;10;40-3300;Spannhebel geschmiedet;Huber Schmiedetechnik;50;LS-80308
WE-26046;20.09.2026;4500238;10;10-4711;Flansch DN50 gefräst;Meier Präzision AG;100;LS-80315
WE-26047;21.09.2026;4500241;10;30-0990;Distanzring 12x3;Kunz Drehteile GmbH;150;LS-80322
WE-26048;23.09.2026;4500244;10;30-0815;Welle Ø20 h6 L=240;Meier Präzision AG;200;LS-80329
WE-26049;25.09.2026;4500247;10;20-2290;Halteplatte 8mm;Steiner Metallbau;50;LS-80336
WE-26050;27.09.2026;4500250;10;20-1180;Gehäusedeckel Alu;Brunner CNC AG;100;LS-80343
WE-26051;29.09.2026;4500253;10;10-5520;Lagerbuchse Ø32 H7;Kunz Drehteile GmbH;150;LS-80350
WE-26052;01.10.2026;4500256;10;10-4711;Flansch DN50 gefräst;Meier Präzision AG;200;LS-80357
